,emoji,count
11,😂,5137514
31,😭,2024950
26,🔥,1534100
39,😍,1421397
13,❤️,1233906
38,💕,684220
18,👏,573826
54,🤣,532873
27,🙏,512469
69,✨,510775
92,😩,441257
129,😊,402597
24,👉,402066
12,💖,397533
128,🚨,397215
17,♀️,388941
53,😘,380180
49,🙌,378059
150,💜,362947
14,💯,357081
5,💀,356684
101,🎉,348664
122,💙,327558
34,🤔,301739
76,👀,293327
115,👍,283166
52,💗,279085
137,♂️,277529
138,🤷,276298
64,✅,270472
116,😁,252588
124,🤦,252353
9,💪,247568
28,💞,242786
117,🙄,239641
153,💥,239024
95,👌,237690
4,👇,229351
51,💓,228659
68,💛,222591
67,‼️,220501
151,🏆,207061
94,😎,204004
84,🇺🇸,190514
70,💚,185705
35,🌟,182329
45,😉,175051
55,💘,174213
253,😢,167697
36,🌹,163332
139,😱,159338
288,😳,154934
200,♥️,154335
43,🎶,151100
48,🤗,150439
29,💦,148197
152,💔,145907
88,🌸,145567
41,💋,145383
222,⭐,142739
141,😅,141663
90,🖤,137836
66,⚡,136583
125,😈,131006
105,👑,126464
352,😏,119092
3,🙃,117732
186,💎,116259
423,⚽,112678
323,☺️,110392
284,💫,107176
325,❗,102659
20,💰,102275
334,😋,101302
44,😆,101248
164,👊,99111
180,😔,97018
177,😀,96058
287,✔️,94959
269,😌,94756
166,😒,94591
126,😤,93018
210,➡️,92533
237,🔴,91995
99,🌻,91968
308,🎈,91697
16,💃,91351
255,🤤,87979
0,🚀,87754
205,🎂,87703
63,😫,86992
300,🎁,86640
513,📣,84209
272,🙈,83432
81,😜,83317
217,✊,83129
167,🙂,82977
373,❄️,81736
233,💝,81595
77,😄,81540
263,⚠️,81511
181,😡,81046
47,😇,80489
259,📷,76257
156,🤘,75991
324,☀️,74957
10,🤧,72227
82,👅,72121
40,🐶,71458
1,🤪,71293
270,📸,70384
37,😻,68979
298,😴,68287
198,🎥,67353
60,🤞,66917
209,😬,64311
56,🎊,62460
135,🌈,61100
206,🌞,59577
238,🔵,59362
391,🍀,58452
118,😃,58253
431,🐾,58250
383,🌊,58090
25,🔔,56583
280,👈,56445
169,🍑,55463
162,☹️,54425
346,😪,53409
425,🌷,53204
74,🐰,52770
354,❣️,52223
314,👋,52138
457,🎵,50704
170,🏀,49831
286,⬇️,49289
214,😝,48986
165,😐,48584
192,🤩,48300
163,😕,48290
215,❌,47528
401,🎮,47263
140,💸,46947
473,🌼,46914
250,😛,46691
194,🌎,46435
358,😑,45908
97,🍃,45881
145,🎤,45264
303,😞,44967
75,💐,44803
1093,↗️,43967
57,📞,43966
578,🔗,43410
104,😚,42754
610,🌍,42209
136,🦋,42114
98,🌺,41863
365,😹,41674
271,🧡,41520
241,🤙,41403
417,☕,41402
302,💨,40890
225,🕺,40681
311,🙋,40512
23,🏃,39268
59,🚖,39209
32,💁,38889
347,🎧,38081
399,🕰️,37734
111,▶️,37627
812,↘️,37267
356,⏬,37258
93,📺,36874
236,⚪,36454
318,📹,35827
242,✈️,35565
333,🤑,35254
400,🖥️,34717
188,😣,34638
433,😥,34205
344,🐯,33797
149,🖕,33568
277,💟,33466
71,😮,33253
366,💩,33097
573,🇳🇬,32764
484,🏁,32698
307,⏰,32680
134,🇬🇧,32255
291,🌴,31929
50,💣,31793
218,🐐,31436
147,💍,31365
144,🌿,31129
332,🔞,30447
243,🐱,30345
376,🍾,30126
420,📍,30024
2,🍆,29908
411,⚫,29860
541,😲,29791
256,🤫,29762
268,🤢,29590
290,🤭,29476
539,📢,29363
477,🎯,29255
338,🚫,29195
262,➖,28806
341,🔊,28781
426,♨️,28638
534,🍷,28520
337,🎀,28385
252,🐥,28268
234,🎬,28105
386,🐻,28083
359,😙,27883
257,🌙,27631
427,🔹,27360
223,🍒,27323
174,🧐,27233
547,🥂,26934
377,🦄,26872
30,☠️,26661
184,🆘,26538
187,😓,26087
349,🌚,25860
355,🍻,25784
33,✌️,25746
172,💧,25706
621,🤓,25626
619,🙊,25307
228,🤨,24995
328,🙅,24558
480,🤟,24253
213,💅,24120
154,🤬,24064
289,🤯,23860
283,🥇,23830
528,👎,23812
502,😷,23805
83,🦅,23737
89,👻,23641
475,🙆,23489
729,⛄,23023
390,😰,23020
453,🎨,22939
103,▪️,22895
155,🎼,22867
691,☘️,22842
8,©️,22796
274,🐍,22763
448,🥀,22745
611,🌏,22644
267,🤮,22571
304,🐣,22534
336,😠,22416
329,📌,22321
652,1️⃣,22287
538,🍕,22158
570,🔸,22056
670,🍓,21866
432,🐝,21780
306,💌,21677
73,💤,21443
109,🦆,21193
469,🏈,20880
246,📚,20621
762,😨,20589
387,😶,20577
414,🔁,20542
524,🍫,20540
609,🍭,20077
121,⚾,19994
780,🇿🇦,19978
476,💵,19846
130,📝,19780
835,☑️,19525
208,😵,18891
264,📲,18839
96,🌱,18816
132,🇧🇷,18565
305,🇨🇦,18412
533,🦁,18306
415,🔫,18301
229,👶,18265
472,👸,17782
203,📈,17530
385,🏨,17463
46,👼,17357
467,🔝,17352
158,🌕,17272
62,👄,17247
110,👆,17142
216,⏳,16982
439,💻,16789
501,🐎,16641
753,🍰,16609
182,⬆️,16536
868,☁️,16531
393,🚹,16487
584,😖,16478
6,2️⃣,16455
15,👠,16426
772,🇮🇳,16364
245,👩,16339
196,🙇,16257
183,😯,16090
235,💡,15795
292,⏩,15767
668,📱,15676
518,📊,15577
160,🙁,15474
368,🎸,15432
42,💄,15395
617,✋,15381
339,🔪,15363
478,🔒,15318
19,🚶,15231
494,🌀,15161
531,🤡,15149
378,👽,15148
309,😽,15045
581,🇰🇷,14983
212,❓,14965
220,🔜,14779
112,🍊,14706
374,🎆,14658
207,🔮,14636
712,🔘,14619
557,🔱,14449
590,🤕,14409
148,🍯,14350
512,💭,14165
708,🆒,14125
171,🤐,14029
240,😗,13951
85,🇮🇹,13907
526,🐷,13868
133,🇯🇵,13849
550,🍇,13830
61,🤠,13776
143,🍁,13763
297,🍺,13716
114,📻,13682
301,🚂,13612
671,🐕,13563
320,🚮,13551
505,💉,13503
743,🌐,13485
275,🔑,13446
281,🤷‍♀️,13434
632,⤵️,13208
640,👐,13170
202,💢,13006
345,😧,12964
78,🐼,12937
770,🔶,12833
375,🤦‍♂️,12791
628,⭕,12741
1158,🌑,12437
416,🌌,12352
595,📎,12345
58,🌆,12322
176,🇪🇸,12319
598,🇫🇷,12283
405,🚧,12264
627,☝️,12216
615,👣,12198
558,⚜️,12186
701,🥊,12176
247,🎓,12144
968,🎄,12098
175,0️⃣,12080
489,💿,12007
86,🍹,11994
429,🍿,11970
669,🍎,11907
507,🐺,11874
585,🍬,11864
602,🍔,11861
224,🐦,11836
495,🐧,11807
1057,🐬,11788
230,🤷‍♂️,11750
504,🐸,11749
689,☔,11647
492,🍸,11586
157,⚔️,11583
686,🐇,11387
972,🌓,11237
446,♻️,11174
563,🐢,11087
195,☄️,10986
622,⌚,10939
424,🌒,10937
343,🇩🇪,10862
521,🇦🇺,10858
440,🐘,10829
421,👨,10803
436,🤝,10802
435,🇵🇭,10801
372,🌠,10795
266,♦️,10739
559,3️⃣,10709
189,🏡,10673
285,🔽,10636
594,🇬🇭,10620
327,🍪,10594
745,⬅️,10338
875,🔆,10299
721,♠️,10275
87,🍋,10194
353,🐈,10171
491,🔄,10149
486,🎩,10053
498,🎇,10048
319,😸,10019
330,🏅,9885
364,🍌,9853
402,🚗,9848
607,⁉️,9819
655,🏳️‍🌈,9707
219,🛑,9686
605,👫,9640
91,🛫,9620
587,🎹,9495
340,🌘,9469
142,🍂,9436
470,🅱️,9392
778,🗣️,9374
1176,🌔,9374
485,▫️,9370
1129,🌖,9370
791,🐙,9323
577,🤒,9299
527,🤦‍♀️,9283
367,🏠,9194
760,🌲,9186
1235,🌗,9164
261,😟,9129
702,🔺,9093
120,🍦,9060
313,🚩,9023
326,🍼,9001
964,🗡️,8976
520,🌳,8916
569,💆,8789
1130,⌛,8766
248,™️,8674
342,🇲🇽,8660
947,🌾,8645
350,🌝,8624
227,📰,8579
232,🔃,8380
716,🔷,8379
106,🤖,8370
728,☃️,8362
331,🆕,8355
239,📆,8345
720,🔛,8320
849,🇰🇪,8318
845,🐠,8318
625,🦇,8299
503,🔙,8233
392,🍉,8116
408,⏪,8113
785,✍️,8045
775,👹,7997
719,🐨,7996
322,❕,7990
545,🐹,7958
108,🇮🇪,7878
887,⛅,7740
380,◀️,7687
398,🍩,7673
449,🙀,7668
406,📅,7585
294,💬,7561
633,🍟,7453
293,📦,7409
79,👾,7403
506,📖,7401
452,👿,7395
648,✳️,7317
638,💲,7300
851,🌵,7297
113,🐟,7274
620,🏄,7165
389,👙,7165
249,💑,7125
7,4️⃣,7112
759,👭,7101
574,📀,7090
123,🎒,7079
660,🦊,7043
407,💊,7036
369,🍍,7009
546,😿,6998
394,🤸,6996
438,🇷🇺,6986
756,🔻,6954
65,🐤,6932
204,🔐,6857
1153,🔰,6757
221,🤥,6713
265,🎲,6695
790,🐊,6692
22,🕙,6651
737,🙉,6637
703,🆓,6603
824,🏹,6564
677,💠,6535
979,🌅,6479
634,🍄,6476
100,🥃,6429
474,🤴,6398
589,🆚,6376
903,5️⃣,6336
226,🎭,6326
874,🏴󠁧󠁢󠁥󠁮󠁧󠁿,6209
659,🍳,6202
854,🥁,6200
860,🇹🇷,6171
447,➕,6171
487,🇦🇷,6154
21,🕑,6016
321,😼,6014
335,😦,6012
826,👟,6007
695,🗽,5991
455,👧,5926
437,✝️,5895
1027,😺,5829
917,👬,5824
211,◻️,5810
409,🦈,5770
604,🐳,5761
794,🇵🇹,5735
509,🐴,5726
817,🚔,5706
644,✏️,5698
555,🥞,5668
676,🛬,5662
131,🍗,5609
465,🏒,5585
190,👂,5565
810,🇪🇬,5524
127,🐑,5509
767,🎾,5506
1037,🇮🇩,5498
588,🦍,5472
258,🧀,5432
643,🎱,5406
161,🐉,5375
442,🍏,5371
443,🔌,5370
769,🐀,5361
540,🔨,5337
916,⚰️,5281
419,⛳,5261
562,🦉,5255
1107,⛔,5248
618,🌮,5246
568,📽️,5243
672,🧚,5224
173,✂️,5223
1072,👴,5166
403,🚙,5130
522,✖️,5085
273,🧢,5042
705,🇨🇳,5031
1041,⏱️,5008
768,❎,5000
363,🇯🇲,4979
517,🇩🇴,4971
624,🐭,4926
744,🐒,4922
1063,🆙,4904
699,👯‍♀️,4904
664,👕,4882
931,🇹🇭,4869
566,🙋‍♀️,4839
451,🌃,4757
1163,🎷,4738
818,🏃‍♀️,4695
119,🍧,4644
441,🐞,4629
312,💏,4617
635,🔎,4602
970,🔅,4601
797,🏃‍♂️,4598
567,☮️,4569
736,🧠,4564
466,👦,4552
907,☎️,4528
613,⛽,4520
388,🍴,4488
532,🌋,4464
260,🇵🇷,4437
596,🚘,4435
586,🏇,4401
410,⚓,4398
940,◽,4388
348,🌛,4385
726,🐔,4357
631,🥈,4342
80,🖖,4324
544,🤰,4317
315,🤳,4314
317,🚦,4314
850,🥕,4284
798,🤚,4267
820,🗓️,4259
639,👥,4232
1122,📩,4201
933,🇲🇾,4199
445,👰,4183
674,〽️,4179
944,💷,4169
740,🏉,4127
1200,🍡,4120
829,🇧🇪,4115
693,🇵🇰,4107
687,👓,4101
168,🐲,4098
316,💒,4036
1151,💮,4034
515,👗,4020
1100,🎅,4013
884,📼,3995
193,🌽,3981
951,🚃,3967
908,🍝,3960
422,👺,3927
681,🐅,3919
766,🏏,3894
679,🆗,3875
1069,🔋,3812
510,⚖️,3769
1061,🤜,3767
647,🍞,3757
765,8️⃣,3750
1039,🔓,3743
804,🏴,3689
1136,🐋,3683
958,6️⃣,3669
146,🎃,3664
938,📋,3658
945,🎙️,3653
761,🍜,3651
418,🍵,3634
802,🥑,3629
276,👮,3606
800,🎰,3593
710,🍨,3590
793,👯,3579
1040,🗳️,3560
784,↪️,3558
733,🚌,3552
251,💳,3549
530,🥉,3547
764,🐚,3532
450,🙋‍♂️,3531
649,🧜,3522
685,🇮🇱,3506
748,🤛,3486
1051,🚑,3482
847,🦀,3477
1204,🍥,3458
799,🕒,3456
500,📉,3444
789,🍈,3434
1138,🇪🇺,3415
599,✴️,3414
554,📡,3401
779,⛵,3395
1278,⬛,3389
404,👱,3374
960,🎻,3373
747,💁‍♀️,3366
310,🏂,3355
597,🚬,3349
645,🍽️,3332
564,🥚,3307
278,🏐,3299
107,🏴󠁧󠁢󠁳󠁣󠁴󠁿,3297
959,🥤,3287
295,💼,3283
894,7️⃣,3274
786,👖,3274
1023,🎺,3268
428,◾,3263
891,🐩,3250
646,🛌,3250
1030,🐏,3249
1052,🚲,3240
828,🐮,3240
623,🍅,3237
663,🔍,3235
738,🇵🇸,3226
980,🌤️,3212
514,🇸🇪,3201
185,🎪,3185
362,🅰️,3185
858,🇳🇱,3181
454,🔼,3164
413,🚕,3134
658,🐓,3121
481,💇,3120
592,9️⃣,3116
936,🐵,3109
724,🇨🇱,3087
488,🔚,3060
591,🍢,3059
706,🚚,3044
1191,☂️,3013
159,🏊,2991
511,👤,2948
739,🐛,2929
694,🐗,2922
1066,🛸,2889
548,🎣,2880
637,🏮,2852
883,👁️,2846
357,🦖,2824
468,🧖,2799
561,🇨🇭,2765
626,🥓,2751
1096,🍐,2722
771,🔈,2712
871,🍲,2703
654,🎟️,2702
943,➰,2692
351,🌜,2690
948,🐜,2671
731,🌭,2664
1202,🎫,2661
1054,🏰,2647
572,🥛,2632
496,🗿,2632
690,🇳🇴,2624
497,🕕,2621
299,🔂,2619
361,👔,2613
1047,🤲,2609
781,🐌,2601
201,🌄,2589
1131,🔟,2586
715,🇬🇷,2584
444,🅿️,2579
796,🃏,2576
1325,🌥️,2566
913,♣️,2566
905,📨,2553
912,🐆,2543
927,👵,2540
560,🐽,2531
896,🦌,2526
516,👢,2523
608,🐄,2515
519,🥅,2510
928,🇭🇹,2491
901,☢️,2483
1110,💈,2481
711,🕊️,2452
846,🐡,2441
1159,🙅‍♀️,2427
666,🦎,2427
819,🚥,2423
662,🍣,2420
616,🚒,2417
1248,🎳,2407
821,🚿,2379
823,🥗,2364
956,📕,2341
1221,🌪️,2332
827,🦑,2304
857,🇺🇬,2281
582,🎡,2276
962,🕐,2274
730,🚴,2235
384,👃,2230
986,🇵🇱,2228
915,🚓,2227
870,🕖,2226
1209,🐖,2225
920,❇️,2219
723,🇨🇴,2202
844,🐁,2189
651,🔀,2187
963,👜,2183
1073,💽,2163
370,♈,2117
852,🥜,2113
1074,🥝,2112
707,👒,2108
1139,📁,2097
941,🏴󠁧󠁢󠁷󠁬󠁳󠁿,2092
1232,🅾️,2091
525,🔬,2089
841,🇵🇪,2086
1056,🚢,2080
866,🇳🇿,2076
199,🧔,2045
614,🚪,2043
1025,⬜,2039
397,🙆‍♀️,2037
1184,🐂,2028
696,🗻,2023
1102,🔦,2021
1034,👚,1998
279,🛰️,1990
1080,®️,1980
1390,🥌,1972
967,🛒,1967
991,🇻🇳,1964
499,🌇,1954
1109,⛪,1953
735,🎋,1946
1016,🇸🇦,1942
463,♒,1920
102,〰️,1908
553,👪,1898
909,🙇‍♀️,1893
565,😾,1884
579,🇱🇷,1879
1004,🇸🇬,1851
792,🦂,1848
1031,🏄‍♀️,1836
1115,💶,1824
746,🇫🇮,1823
479,🍤,1815
360,Ⓜ️,1811
483,📶,1807
593,🥔,1806
949,🍖,1796
923,🥒,1789
1441,🇧🇴,1777
692,🌯,1772
641,📂,1755
606,🇩🇰,1733
612,🧘,1727
774,🏋️‍♂️,1727
974,🆔,1719
529,🦕,1711
459,♌,1702
1123,🚁,1677
1141,📛,1674
1097,🍮,1668
822,🕛,1668
717,🕹️,1645
1124,❔,1636
490,🏫,1636
872,🕘,1629
1194,🥥,1623
1103,🍚,1618
1177,🛁,1613
395,☯️,1605
1288,⚙️,1585
371,♐,1584
1128,🌰,1575
1383,🧤,1573
72,📘,1568
921,🤵,1566
571,◼️,1556
709,ℹ️,1556
1260,🥦,1540
1106,🥘,1538
1196,🚍,1533
825,🇦🇪,1520
1183,🚜,1509
834,⚕️,1508
1249,🇹🇿,1505
1148,🇨🇿,1495
1185,🙆‍♂️,1485
899,☣️,1484
934,🔖,1476
1059,🧟‍♂️,1467
583,🎢,1465
434,🦃,1450
897,🥧,1431
742,🦏,1426
697,✉️,1421
814,🙎,1414
885,♋,1398
551,🏦,1397
787,🇿🇼,1394
688,🌧️,1388
1038,🔲,1386
806,💴,1385
985,♿,1380
777,🚴‍♀️,1380
471,🛀,1375
1266,🎠,1370
1192,🌨️,1363
1222,👞,1363
1137,🏟️,1362
880,📄,1358
1412,🕝,1352
892,⌨️,1348
1246,🇮🇸,1336
952,📙,1336
977,🇦🇹,1333
1095,📜,1332
1098,♓,1329
682,📗,1329
763,📬,1325
1360,👛,1323
1395,🇦🇫,1322
549,🥩,1322
1084,🥪,1321
713,🔉,1315
1370,🇪🇨,1310
382,🇨🇮,1303
1134,🚛,1298
508,🕷️,1279
757,🚽,1277
725,🇺🇾,1264
803,🔧,1263
430,📃,1261
929,🐪,1261
741,⛈️,1252
458,🙍,1251
853,🥐,1239
976,🙅‍♂️,1236
552,📥,1221
865,🇹🇹,1213
1359,🎴,1209
807,🌶️,1200
1142,🇧🇩,1199
754,🥖,1186
461,♉,1185
813,↙️,1179
750,📮,1171
396,🥋,1170
1371,⛺,1164
1068,🚺,1164
462,♊,1153
1125,🚶‍♂️,1139
930,📯,1135
1323,↕️,1134
946,🗼,1134
890,♏,1131
832,🧚‍♀️,1126
1214,🍛,1125
1471,🚟,1124
1075,🎍,1124
1167,🐿️,1121
704,🔳,1119
1311,👳,1109
254,🇸🇾,1107
1225,📿,1106
661,🦐,1104
902,🇭🇷,1101
1043,💹,1090
1045,🏺,1083
1307,💱,1080
1026,👮‍♂️,1079
752,💂,1078
1111,🇻🇪,1076
1292,🆎,1066
680,🦒,1058
1210,🕔,1055
848,🇭🇺,1055
600,🍱,1055
898,🌉,1052
1019,🎐,1038
656,🍙,1028
630,🌂,1021
1205,🏥,1020
994,🇧🇭,1020
1373,🔭,1019
1270,🦔,1010
1067,🚄,1009
954,📓,1007
811,🎏,1004
1127,🏋️‍♀️,1002
833,🧜‍♀️,1001
914,🕋,998
893,🖱️,992
783,↩️,986
1101,🕗,983
460,♎,979
1269,🗝️,978
1285,🤼‍♂️,972
1199,🛡️,971
1049,🤱,971
886,🏢,970
1113,🏎️,969
1198,🕵️,961
843,🇨🇺,960
961,🏵️,953
493,🇲🇦,946
1244,👨‍🎨,945
1014,🇵🇾,940
1335,🎿,940
1112,👨‍👩‍👧‍👦,938
815,🖐️,935
904,🕶️,933
1353,👨‍👨‍👦,929
683,💁‍♂️,920
1079,🔯,920
1321,🇩🇿,917
1300,⏲️,914
984,🐃,908
1121,⛸️,906
1237,👨‍🍳,903
1087,🇺🇲,896
1090,🚆,896
955,📒,890
1265,🇺🇦,885
1058,🥣,877
869,↔️,874
795,🧛,870
1268,🙇‍♂️,867
1273,🕜,864
873,🎞️,860
906,👷,857
482,🎦,856
816,✡️,853
1264,🧣,841
1358,➿,835
1241,👮‍♀️,831
718,🏑,830
282,🐫,824
1189,🤸‍♀️,823
856,📧,815
1181,🇨🇷,814
1382,🛩️,807
1458,👨‍🎤,806
981,🖌️,806
1242,🕓,803
1133,🏌️,796
1291,🚐,792
1238,🕵️‍♂️,789
1245,🇵🇦,787
882,⛲,782
978,⛰️,781
556,👯‍♂️,781
1083,🚅,776
523,🏄‍♂️,774
1091,🚋,773
925,⏺️,771
831,🏩,768
983,📏,768
1018,⤴️,768
1186,🏛️,763
1155,🇾🇪,761
1135,🏊‍♂️,759
657,🍘,753
879,🏴‍☠️,750
197,🇮🇷,750
1050,🧑,749
603,🧞‍♂️,749
953,📔,743
1036,🇲🇨,737
178,🏌️‍♂️,733
1164,🎎,732
1234,🖇️,730
1006,🇸🇴,727
788,🇸🇳,724
1226,🚴‍♂️,724
1231,🏍️,723
1092,🚇,721
1193,🧟‍♀️,721
1290,👨‍👩‍👧,715
1286,⏯️,714
1308,🕸️,712
1316,🏪,712
1149,🇰🇵,710
653,🎖️,705
1035,🧦,705
1201,🕌,699
990,🇭🇰,698
575,📳,697
889,🤾,694
1062,♑,688
678,📐,686
838,🇦🇲,686
1255,🌬️,684
1170,🎌,678
412,♍,675
629,⛏️,673
1349,🤺,672
1070,🏓,671
1305,🏳️,671
1313,👨‍🎓,666
937,🤹,666
805,👩‍❤️‍💋‍👩,663
1215,🧕,661
801,🦗,658
950,☦️,657
973,🏧,656
1173,🧥,656
1187,🇧🇸,655
1274,🇱🇺,655
1320,🏖️,654
1334,👩‍👧,654
732,🚣,651
1160,🏊‍♀️,644
1211,🛎️,643
1252,🥙,642
881,🍠,640
1230,🗺️,640
1182,👨‍💻,634
969,🇨🇲,628
992,🇷🇴,624
830,🇿🇲,621
1114,🏋️,617
1219,🧙,616
379,🗞️,616
601,🧞‍♀️,609
1424,🔢,604
1064,📑,603
878,🧙‍♂️,600
727,💺,600
809,🕯️,598
922,💾,597
942,🇲🇻,597
535,🚭,592
855,🧙‍♀️,592
1346,🚏,589
1233,🛐,586
722,🇸🇻,584
1276,🕵️‍♀️,581
698,🥄,581
673,🧝,574
1118,👩‍⚕️,573
1256,☪️,573
1206,🇧🇧,572
1044,🇱🇻,571
1303,🛴,569
456,🇱🇨,560
1280,🏸,558
231,👩‍🎓,557
542,🕧,557
1296,🖊️,555
1140,🥨,550
861,🇱🇹,550
684,🧒,549
1162,👘,547
1132,🌩️,545
1117,👩‍💻,542
714,🔇,541
1099,✒️,532
1271,🚷,531
296,📵,530
1247,🚤,527
1060,🦓,527
1147,🇧🇬,526
1396,⏫,521
1188,🧚‍♂️,521
1028,🚶‍♀️,520
1157,👡,519
939,🔩,511
1085,🍶,509
1144,👨‍❤️‍👨,508
1013,🇷🇸,508
244,🇱🇧,497
1150,🇰🇼,496
1003,🇶🇦,495
1309,🚼,494
1081,🇨🇩,488
1461,🥟,488
1262,🤸‍♂️,485
1203,⛩️,482
1314,🀄,480
1293,🇬🇾,480
919,🏭,479
381,👱‍♀️,478
1257,🎑,476
1029,🚸,471
1126,🇹🇼,469
1055,🥢,467
867,🛋️,462
1277,📠,462
755,🇸🇮,460
966,🛍️,457
667,🛵,453
636,🆑,451
1306,👩‍👦,450
995,🇸🇱,445
1332,🚊,445
1384,🚵,444
1263,🕚,443
965,⚛️,439
1387,🤼‍♀️,433
1228,⛱️,433
1354,🥡,429
808,🚰,425
1398,🇪🇪,421
1116,🛶,421
751,🇪🇦,413
1333,🇱🇾,412
1224,🇴🇲,410
1372,🌁,409
1071,👩‍❤️‍👩,408
1105,👨‍❤️‍💋‍👨,407
1393,🇧🇼,406
1330,🎗️,406
1258,👨‍🚀,405
665,👨‍👦,399
1326,↖️,395
782,🇧🇦,394
1213,🇦🇱,391
1089,🚎,391
1022,🇮🇶,389
1229,👨‍⚕️,386
1443,🛷,386
1486,🇧🇻,384
1409,🗨️,383
1435,➗,382
1088,⚗️,382
1410,⛷️,381
537,🚯,381
1394,⚒️,380
1294,🔕,379
1078,🇪🇹,377
911,👩‍🎨,372
1172,👨‍✈️,371
1389,🇱🇰,370
1218,👩‍🏫,369
1340,💆‍♀️,369
1322,🚈,368
1020,🏔️,368
1253,🏙️,368
1452,🇬🇦,367
982,🖼️,364
997,🇸🇰,364
918,🛠️,363
1480,🇹🇴,362
1319,📟,362
1436,🇼🇸,360
1378,🇬🇩,358
935,🚉,358
1315,⛓️,357
1328,🇯🇴,357
1365,🇪🇷,356
1251,🧘‍♀️,355
1538,🇨🇨,354
1240,🇦🇬,352
842,🇰🇭,352
837,🇳🇵,349
1077,🇹🇳,345
1065,🤹‍♂️,345
1267,👩‍🚒,343
1082,🏝️,335
179,🏌️‍♀️,334
1156,🏯,330
840,🇷🇼,329
1197,🉐,327
700,👨‍🚒,326
1104,👲,320
1295,🕎,317
191,👨‍🏫,317
1505,🇦🇿,314
1012,🇸🇩,313
1363,🤽‍♀️,308
1220,🎽,306
1154,👩‍🎤,303
1374,🇬🇲,303
1364,⛑️,301
1259,👩‍🚀,300
1284,🚾,299
1419,🇻🇮,299
1120,👩‍🔬,297
957,👩‍🍳,295
1161,🧛‍♂️,290
1451,🇱🇸,289
1002,🇸🇽,284
1021,🇧🇿,283
910,㊗️,282
1397,📫,280
1464,👨‍👩‍👧‍👧,279
1212,🌡️,279
1430,🏚️,277
642,🕣,277
1345,🏷️,275
975,💇‍♂️,275
971,🤹‍♀️,273
1317,💇‍♀️,272
1086,🚞,269
1456,🇦🇶,268
1442,🇦🇸,266
1042,👩‍✈️,266
859,🇧🇲,263
1440,🇦🇴,261
1283,🥫,258
1341,🤶,257
1171,👝,257
1463,⛎,250
1338,🆖,250
1108,🗑️,247
1375,🗾,246
1356,📴,246
1357,🌦️,245
650,👨‍🌾,245
1407,🇳🇮,244
1143,🛃,243
576,🧗,242
1446,🇳🇪,242
1431,📤,239
1339,🚣‍♀️,236
839,🇭🇳,235
864,🇨🇾,234
1298,🏘️,231
1429,🇳🇦,230
1388,👨‍👧,224
1174,🖋️,223
675,👨‍🔬,221
1250,🤽,221
1094,🥠,219
1287,👨‍👩‍👦‍👦,218
895,🇬🇳,218
734,🎚️,217
1421,🔏,217
1381,🗒️,216
1024,🇬🇺,215
1455,🚻,215
989,🇬🇹,215
1145,⛹️,205
1048,🛣️,203
1437,🧛‍♀️,202
1119,👩‍💼,200
1275,👩‍🌾,199
988,🇧🇳,197
1439,🇲🇲,197
1179,🧓,197
1342,🇲🇼,197
1254,🕟,197
1347,🕍,196
1462,🈯,196
1165,⛹️‍♂️,195
1152,🌫️,195
543,🇫🇯,194
1227,🏜️,194
580,⚱️,192
1391,🏞️,192
758,🗯️,192
1392,⛹️‍♀️,191
862,🇰🇿,191
1169,👨‍💼,190
1344,🇲🇹,190
1413,🛳️,186
1457,👩‍👧‍👦,184
1385,🕞,183
1488,🇨🇻,182
749,🇲🇰,179
1217,🈴,178
1297,🖍️,178
1422,🕴️,176
877,👩‍⚖️,175
1529,🇰🇳,174
1272,🕡,173
464,💆‍♂️,172
1208,㊙️,171
1476,🚝,171
1243,🕢,171
1477,🇬🇪,169
863,🇩🇲,167
1009,🇸🇸,165
1327,🇧🇾,164
1281,🕉️,163
900,🉑,161
1361,🇲🇿,161
1427,🤼,160
1454,🕳️,159
1503,🏤,158
1299,🛏️,156
1302,👨‍🔧,155
888,👩‍👩‍👧,154
1329,🏬,153
1418,🕠,152
1190,🧘‍♂️,152
1318,📪,151
1526,🏗️,151
1377,🇫🇴,151
1438,💂‍♂️,150
1445,🇺🇿,149
1521,🛥️,149
1046,🧜‍♂️,146
932,🇱🇦,144
1433,🇰🇾,143
836,🇵🇬,143
1404,🕦,142
1289,🕥,138
1337,🛂,138
1336,🈂️,137
1010,🇸🇿,137
1376,🇽🇰,137
1386,🇦🇽,136
1301,🛄,135
1355,*️⃣,134
1472,🇻🇨,133
1007,🇹🇨,133
876,👨‍⚖️,131
1475,👨‍👧‍👧,130
1053,📭,128
993,🇹🇩,128
1528,🚠,128
1168,🇬🇮,128
1175,🇻🇦,127
1015,🇸🇨,127
1415,🇧🇯,127
1076,🇹🇬,127
1400,🈲,126
1544,🇨🇰,125
926,⏭️,125
1499,👩‍👩‍👦,123
776,🕤,122
1146,🇨🇬,121
1350,🇲🇺,121
1369,👨‍👦‍👦,121
1542,👨‍👨‍👦‍👦,120
1470,👷‍♂️,120
1426,🎛️,119
1432,🚱,118
1207,👨‍👧‍👦,118
1460,🇹🇯,113
1494,🇦🇩,112
1351,🏕️,111
773,🤾‍♂️,109
1223,👩‍👩‍👧‍👧,109
1279,🇺🇳,109
1216,🈳,108
1447,🇲🇩,106
1032,📇,106
1408,🇮🇲,106
1366,☸️,104
1449,👱‍♂️,104
1453,👩‍👦‍👦,102
1483,👷‍♀️,101
1368,🙍‍♀️,101
1239,🇦🇼,99
1367,🙍‍♂️,99
1501,⏹️,99
1195,🚡,97
1481,🇻🇺,96
1540,🇦🇮,96
1525,🇲🇴,96
1517,🏣,96
1236,⛴️,96
1343,🚣‍♂️,95
924,⏮️,91
1008,🇸🇷,90
1362,🇲🇱,89
1310,🇧🇮,88
1304,🇻🇬,85
1467,🇨🇵,84
1459,🇩🇯,84
1401,🈵,83
1414,🇧🇹,82
1425,🈚,81
1352,🇲🇪,81
1534,🇪🇭,79
1552,🇨🇽,79
1498,🇲🇳,78
987,🇧🇫,76
1420,🧖‍♀️,76
1468,👩‍👧‍👧,75
1312,💂‍♀️,75
1399,🈹,75
1506,🤽‍♂️,75
1557,🇨🇫,74
1513,🇬🇵,73
1478,🇹🇱,72
1520,👩‍👩‍👧‍👦,72
1514,🇲🇶,71
536,🚳,71
1539,🇱🇮,69
1380,🔠,69
1493,🔤,68
1537,🛤️,68
1484,🇬🇶,67
1450,👨‍👨‍👧‍👦,67
1507,🇬🇬,67
1466,👨‍🏭,66
1473,🇹🇻,64
1541,🇦🇨,64
1527,👩‍🔧,64
999,🇸🇲,63
1448,🇳🇫,62
1406,🈺,61
1178,🧗‍♂️,61
1405,👨‍👨‍👧,61
1348,🇲🇬,61
1000,🇲🇷,60
1474,🇹🇲,60
1496,🛢️,60
1417,🚵‍♀️,59
1465,⏸️,59
1166,🧟,58
1490,🈷️,58
996,🇵🇼,58
1469,🖨️,58
1416,🚵‍♂️,56
1180,🖲️,56
1411,🔡,56
1282,🙎‍♂️,55
998,🇸🇭,55
1563,🇲🇸,54
1504,🇰🇮,54
1549,🛅,54
1428,👩‍🏭,53
1519,🇬🇼,50
1551,🇭🇲,50
1554,🇰🇬,50
1531,🧝‍♀️,49
1403,🙎‍♀️,49
1550,🇨🇼,48
1546,🇸🇹,48
1379,🇯🇪,47
1510,🇬🇫,47
1523,🇰🇲,45
1444,🤾‍♀️,45
1518,🧗‍♀️,45
1536,👩‍👩‍👦‍👦,44
1524,🗜️,43
1561,👳‍♀️,43
1479,🇹🇰,43
1543,🔣,41
1565,🇧🇱,41
1509,🇫🇰,41
1005,🇷🇪,41
1560,👩‍❤️‍💋‍👨,38
1497,🇬🇱,37
1548,👨‍👨‍👧‍👧,36
1535,👩‍❤️‍👨,35
1495,🇲🇵,34
1553,🇮🇴,33
1482,🇬🇸,33
1485,⏏️,33
1491,🈶,32
1500,👳‍♂️,31
1489,🧖‍♂️,31
1402,🇫🇲,29
1331,🇲🇭,28
1564,🇧🇶,27
1511,🇳🇨,27
1522,🧝‍♂️,27
1492,🈸,26
1017,🇸🇧,24
1556,👨‍👩‍👦,23
1423,🇵🇫,23
1011,🇵🇳,23
1324,👁️‍🗨️,22
1545,🇳🇷,21
1434,🗄️,21
1559,🈁,20
1533,🧞,19
1555,🗂️,19
1033,🗃️,18
1502,🇸🇯,18
1512,🇵🇲,18
1508,🇼🇫,17
1487,🇮🇨,16
1547,🇲🇫,16
1532,🇳🇺,15
1515,🇾🇹,14
1516,🧭,13
1530,🤵‍♀️,13
1558,🇹🇫,12
1569,🦡,6
1001,🇹🇦,5
1261,🥰,2
1566,🦟,2
1572,🤵‍♂️,1
1576,🧹,1
1575,👨‍🦲,1
1574,🥼,1
1573,♟️,1
1567,🦴,1
1571,🦘,1
1570,♾️,1
1568,🛹,1
1562,🦶,1
1577,🦚,1
